<?xml version="1.0"?>
<!--<!DOCTYPE metadata SYSTEM "http://www.esri.com/metadata/esriprof80.dtd">-->
<metadata xml:lang="en"><Esri><CreaDate>20021023</CreaDate><CreaTime>10343300</CreaTime><SyncOnce>FALSE</SyncOnce><SyncDate>20030904</SyncDate><SyncTime>11270700</SyncTime><ModDate>20030904</ModDate><ModTime>11500900</ModTime><MetaID>{5FECE786-E69C-11D6-930F-000255933B10}</MetaID></Esri><idinfo><native Sync="TRUE">Microsoft Windows NT Version 4.0 (Build 1381) Service Pack 6; ESRI ArcCatalog 8.3.0.800</native><descript><langdata Sync="TRUE">en</langdata><abstract>The Red River Valley Designated Flood Area layer is a polygon layer that was established by Manitoba Regulation 59/2002 under Section 26(1)(f) of The Water Resources Administration Act.  The area is shown on Plan No. 11-1-1679 filed at the head office of the Water Branch of the Department of Conservation in Winnipeg and includes lands that were flooded by the 1997 spring flood on the Red River.  The boundaries follow the Red River Floodway and west dyke on the north side, section and quarter section lines on the east and west sides and the international border on the south side.  If any lands within a quarter section were affected by flooding from the Red River in 1997 that quarter section is included in the DFA.  </abstract><purpose>A permit from the Minister of Conservation is required for any construction within the Designated Flood Area and individuals area required to comply with the flood protection requirements of the permit.</purpose></descript><citation><citeinfo><origin>Manitoba Conservation, Water Branch</origin><pubdate>1998/05/22</pubdate><title>Designated Flood Area</title><ftname Sync="TRUE">b454_fp</ftname><geoform Sync="TRUE">vector digital data</geoform><onlink>see distribution information</onlink></citeinfo></citation><timeperd><current>publication date</current><timeinfo><sngdate><caldate>publication date</caldate></sngdate></timeinfo></timeperd><status><progress>Complete</progress><update>As needed</update></status><spdom><bounding><westbc Sync="TRUE">-97.634694</westbc><eastbc Sync="TRUE">-96.957089</eastbc><northbc Sync="TRUE">49.834070</northbc><southbc Sync="TRUE">48.994200</southbc></bounding><lboundng><leftbc Sync="TRUE">599853.421363</leftbc><rightbc Sync="TRUE">646936.900928</rightbc><bottombc Sync="TRUE">5428755.123093</bottombc><topbc Sync="TRUE">5521106.849968</topbc></lboundng></spdom><keywords><theme><themekt>none</themekt><themekey>flood</themekey><themekey>designated</themekey><themekey>area</themekey></theme><place><placekey>Red River Valley</placekey><placekey>Winnipeg</placekey><placekey>St. Adolphe</placekey><placekey>Aubigny</placekey><placekey>Emerson</placekey><placekey>Glenlea</placekey><placekey>Grande Pointe</placekey><placekey>Letellier</placekey><placekey>Montcalm</placekey><placekey>Morris</placekey><placekey>Niverville</placekey><placekey>Ritchot</placekey><placekey>Ste. Agathe</placekey><placekey>Silver Plains</placekey><placekey>Ste. Elizabeth</placekey><placekt>Manitoba Toponymic Database</placekt></place></keywords><accconst>none</accconst><useconst>none</useconst><natvform Sync="TRUE">ArcInfo Coverage</natvform><ptcontac><cntinfo><cntaddr><addrtype>mailing and physical address</addrtype><address>200 Saulteaux Cres</address><city>WINNIPEG</city><state>Manitoba</state><postal>R3J3W3</postal><country>Canada</country></cntaddr><cntperp><cntper>Ron Bryer</cntper><cntorg>Manitoba Conservation</cntorg></cntperp><cntpos>Development Review Engineer</cntpos><cntvoice>204-945-6498</cntvoice><cntfax>204-945-5339</cntfax><cntemail>rbryer@gov.mb.ca</cntemail></cntinfo></ptcontac><secinfo><secclass>Unclassified</secclass></secinfo></idinfo><dataIdInfo><envirDesc Sync="TRUE">Microsoft Windows NT Version 4.0 (Build 1381) Service Pack 6; ESRI ArcCatalog 8.3.0.800</envirDesc><dataLang><languageCode Sync="TRUE" value="en"></languageCode></dataLang><idCitation><resTitle Sync="TRUE">b454_fp</resTitle><presForm><PresFormCd Sync="TRUE" value="005"></PresFormCd></presForm></idCitation><spatRpType><SpatRepTypCd Sync="TRUE" value="001"></SpatRepTypCd></spatRpType><geoBox esriExtentType="decdegrees"><westBL Sync="TRUE">-97.634694</westBL><eastBL Sync="TRUE">-96.957089</eastBL><northBL Sync="TRUE">49.83407</northBL><southBL Sync="TRUE">48.9942</southBL><exTypeCode Sync="TRUE">1</exTypeCode></geoBox><dataExt><geoEle><GeoBndBox esriExtentType="native"><westBL Sync="TRUE">599853.421363</westBL><eastBL Sync="TRUE">646936.900928</eastBL><northBL Sync="TRUE">5521106.849968</northBL><southBL Sync="TRUE">5428755.123093</southBL><exTypeCode Sync="TRUE">1</exTypeCode></GeoBndBox></geoEle></dataExt></dataIdInfo><metainfo><langmeta Sync="TRUE">en</langmeta><metstdn Sync="TRUE">FGDC Content Standards for Digital Geospatial Metadata</metstdn><metstdv Sync="TRUE">FGDC-STD-001-1998</metstdv><mettc Sync="TRUE">local time</mettc><metc><cntinfo><cntorgp><cntper>Lindsay Donnelly</cntper><cntorg>Manitoba Conservation</cntorg></cntorgp><cntaddr><addrtype>mailing and physical address</addrtype><city>WINNIPEG</city><state>Manitoba</state><postal>R3J3W3</postal><address>200 Saulteaux Cres</address><country>Canada</country></cntaddr><cntvoice>204.945.5526</cntvoice><cntpos>GIS Specialist</cntpos><cntfax>204-945.2385</cntfax><cntemail>ldonnelly@gov.mb.ca</cntemail></cntinfo></metc><metd Sync="TRUE">20030904</metd><metextns><onlink Sync="TRUE">http://www.esri.com/metadata/esriprof80.html</onlink><metprof Sync="TRUE">ESRI Metadata Profile</metprof></metextns><metac>none</metac><metuc>none</metuc><metsi><metsc>Unclassified</metsc></metsi></metainfo><mdLang><languageCode Sync="TRUE" value="en"></languageCode></mdLang><mdStanName Sync="TRUE">ISO 19115 Geographic Information - Metadata</mdStanName><mdStanVer Sync="TRUE">DIS_ESRI1.0</mdStanVer><mdChar><CharSetCd Sync="TRUE" value="004"></CharSetCd></mdChar><mdHrLv><ScopeCd Sync="TRUE" value="005"></ScopeCd></mdHrLv><mdHrLvName Sync="TRUE">dataset</mdHrLvName><distinfo><stdorder><digform><digtinfo><transize Sync="TRUE">0.160</transize><dssize Sync="TRUE">0.160</dssize><formname>zip</formname></digtinfo></digform><fees>none</fees><ordering>The data is downloadable form the Manitoba Land Initiative at mli.gov.mb.ca</ordering><turnarnd>download</turnarnd></stdorder><resdesc Sync="TRUE">Downloadable Data</resdesc><distrib><cntinfo><cntorgp><cntorg>Manitoba Land Initiative</cntorg></cntorgp><cntemail>mli.mb.ca.gov</cntemail></cntinfo></distrib><distliab>none</distliab></distinfo><distInfo><distributor><distorTran><onLineSrc><orDesc Sync="TRUE">002</orDesc><linkage Sync="TRUE">file://\\nt_boar\mb_lib\bdy\b45\4_\fp\b454_fp</linkage><protocol Sync="TRUE">Local Area Network</protocol></onLineSrc><transSize Sync="TRUE">0.160</transSize></distorTran><distorFormat><formatName Sync="TRUE">ArcInfo Coverage</formatName></distorFormat></distributor></distInfo><spdoinfo><direct Sync="TRUE">Vector</direct><ptvctinf><esriterm Name="arc"><efeatyp Sync="TRUE">Simple</efeatyp><efeageom Sync="TRUE">Arc</efeageom><esritopo Sync="TRUE">FALSE</esritopo><efeacnt Sync="TRUE">7</efeacnt><spindex Sync="TRUE">FALSE</spindex><linrefer Sync="TRUE">FALSE</linrefer></esriterm><sdtsterm Name="arc"><sdtstype Sync="TRUE">Complete chain</sdtstype><ptvctcnt Sync="TRUE">7</ptvctcnt></sdtsterm><esriterm Name="label"><efeatyp Sync="TRUE">Simple</efeatyp><efeageom Sync="TRUE">Label</efeageom><esritopo Sync="TRUE">FALSE</esritopo><efeacnt Sync="TRUE">1</efeacnt><spindex Sync="TRUE">FALSE</spindex><linrefer Sync="TRUE">FALSE</linrefer></esriterm><sdtsterm Name="label"><sdtstype Sync="TRUE">Label point</sdtstype><ptvctcnt Sync="TRUE">1</ptvctcnt></sdtsterm><esriterm Name="polygon"><efeatyp Sync="TRUE">Simple</efeatyp><efeageom Sync="TRUE">Polygon</efeageom><esritopo Sync="TRUE">TRUE</esritopo><efeacnt Sync="TRUE">1</efeacnt><spindex Sync="TRUE">FALSE</spindex><linrefer Sync="TRUE">FALSE</linrefer></esriterm><sdtsterm Name="polygon"><sdtstype Sync="TRUE">GT-polygon composed of chains</sdtstype><ptvctcnt Sync="TRUE">1</ptvctcnt></sdtsterm><esriterm Name="tic"><efeatyp Sync="TRUE">Simple</efeatyp><efeageom Sync="TRUE">Tic</efeageom><esritopo Sync="TRUE">FALSE</esritopo><efeacnt Sync="TRUE">4</efeacnt><spindex Sync="TRUE">FALSE</spindex><linrefer Sync="TRUE">FALSE</linrefer></esriterm><sdtsterm Name="tic"><sdtstype Sync="TRUE">Point</sdtstype><ptvctcnt Sync="TRUE">4</ptvctcnt></sdtsterm></ptvctinf></spdoinfo><spatRepInfo><VectSpatRep><topLvl><TopoLevCd Sync="TRUE" value="004"></TopoLevCd></topLvl><geometObjs Name="arc"><geoObjTyp><GeoObjTypCd Sync="TRUE" value="003"></GeoObjTypCd></geoObjTyp><geoObjCnt Sync="TRUE">7</geoObjCnt></geometObjs><geometObjs Name="label"><geoObjTyp><GeoObjTypCd Sync="TRUE" value="004"></GeoObjTypCd></geoObjTyp><geoObjCnt Sync="TRUE">1</geoObjCnt></geometObjs><geometObjs Name="polygon"><geoObjTyp><GeoObjTypCd Sync="TRUE" value="002"></GeoObjTypCd></geoObjTyp><geoObjCnt Sync="TRUE">1</geoObjCnt></geometObjs><geometObjs Name="tic"><geoObjTyp><GeoObjTypCd Sync="TRUE" value="004"></GeoObjTypCd></geoObjTyp><geoObjCnt Sync="TRUE">4</geoObjCnt></geometObjs></VectSpatRep></spatRepInfo><eainfo><detailed Name="b454_fp.aat"><enttyp><enttypl Sync="TRUE">b454_fp.aat</enttypl><enttypt Sync="TRUE">Feature Class</enttypt><enttypc Sync="TRUE">7</enttypc></enttyp><attr><attrlabl Sync="TRUE">FID</attrlabl><attalias Sync="TRUE">FID</attalias><attrtype Sync="TRUE">OID</attrtype><attwidth Sync="TRUE">4</attwidth><atprecis Sync="TRUE">0</atprecis><attscale Sync="TRUE">0</attscale><attrdef Sync="TRUE">Internal feature number.</attrdef><attrdefs Sync="TRUE">ESRI</attrdefs><attrdomv><udom Sync="TRUE">Sequential unique whole numbers that are automatically generated.</udom></attrdomv></attr><attr><attrlabl Sync="TRUE">Shape</attrlabl><attalias Sync="TRUE">Shape</attalias><attrtype Sync="TRUE">Geometry</attrtype><attwidth Sync="TRUE">0</attwidth><atprecis Sync="TRUE">0</atprecis><attscale Sync="TRUE">0</attscale><attrdef Sync="TRUE">Feature geometry.</attrdef><attrdefs Sync="TRUE">ESRI</attrdefs><attrdomv><udom Sync="TRUE">Coordinates defining the features.</udom></attrdomv></attr><attr><attrlabl Sync="TRUE">FNODE#</attrlabl><attwidth Sync="TRUE">4</attwidth><atoutwid Sync="TRUE">5</atoutwid><attrtype Sync="TRUE">Binary</attrtype><attrdef Sync="TRUE">Internal node number for the beginning of an arc (from-node).</attrdef><attrdefs Sync="TRUE">ESRI</attrdefs><attrdomv><udom Sync="TRUE">Whole numbers that are automatically generated.</udom></attrdomv></attr><attr><attrlabl Sync="TRUE">TNODE#</attrlabl><attwidth Sync="TRUE">4</attwidth><atoutwid Sync="TRUE">5</atoutwid><attrtype Sync="TRUE">Binary</attrtype><attrdef Sync="TRUE">Internal node number for the end of an arc (to-node).</attrdef><attrdefs Sync="TRUE">ESRI</attrdefs><attrdomv><udom Sync="TRUE">Whole numbers that are automatically generated.</udom></attrdomv></attr><attr><attrlabl Sync="TRUE">LPOLY#</attrlabl><attwidth Sync="TRUE">4</attwidth><atoutwid Sync="TRUE">5</atoutwid><attrtype Sync="TRUE">Binary</attrtype><attrdef Sync="TRUE">Internal node number for the left polygon.</attrdef><attrdefs Sync="TRUE">ESRI</attrdefs><attrdomv><udom Sync="TRUE">Whole numbers that are automatically generated.</udom></attrdomv></attr><attr><attrlabl Sync="TRUE">RPOLY#</attrlabl><attwidth Sync="TRUE">4</attwidth><atoutwid Sync="TRUE">5</atoutwid><attrtype Sync="TRUE">Binary</attrtype><attrdef Sync="TRUE">Internal node number for the right polygon.</attrdef><attrdefs Sync="TRUE">ESRI</attrdefs><attrdomv><udom Sync="TRUE">Whole numbers that are automatically generated.</udom></attrdomv></attr><attr><attrlabl Sync="TRUE">LENGTH</attrlabl><attwidth Sync="TRUE">8</attwidth><atoutwid Sync="TRUE">18</atoutwid><attrtype Sync="TRUE">Float</attrtype><atnumdec Sync="TRUE">5</atnumdec><attrdef Sync="TRUE">Length of feature in internal units.</attrdef><attrdefs Sync="TRUE">ESRI</attrdefs><attrdomv><udom Sync="TRUE">Positive real numbers that are automatically generated.</udom></attrdomv></attr><attr><attrlabl Sync="TRUE">B454_FP#</attrlabl><attwidth Sync="TRUE">4</attwidth><atoutwid Sync="TRUE">5</atoutwid><attrtype Sync="TRUE">Binary</attrtype><attrdef Sync="TRUE">Internal feature number.</attrdef><attrdefs Sync="TRUE">ESRI</attrdefs><attrdomv><udom Sync="TRUE">Sequential unique whole numbers that are automatically generated.</udom></attrdomv></attr><attr><attrlabl Sync="TRUE">B454_FP-ID</attrlabl><attwidth Sync="TRUE">4</attwidth><atoutwid Sync="TRUE">5</atoutwid><attrtype Sync="TRUE">Binary</attrtype><attrdef Sync="TRUE">User-defined feature number.</attrdef><attrdefs Sync="TRUE">ESRI</attrdefs></attr><attr><attrlabl Sync="TRUE">FNODE_</attrlabl><attwidth Sync="TRUE">8</attwidth><atoutwid Sync="TRUE">11</atoutwid><attrtype Sync="TRUE">Float</attrtype><atnumdec Sync="TRUE">0</atnumdec></attr><attr><attrlabl Sync="TRUE">TNODE_</attrlabl><attwidth Sync="TRUE">8</attwidth><atoutwid Sync="TRUE">11</atoutwid><attrtype Sync="TRUE">Float</attrtype><atnumdec Sync="TRUE">0</atnumdec></attr><attr><attrlabl Sync="TRUE">LPOLY_</attrlabl><attwidth Sync="TRUE">8</attwidth><atoutwid Sync="TRUE">11</atoutwid><attrtype Sync="TRUE">Float</attrtype><atnumdec Sync="TRUE">0</atnumdec></attr><attr><attrlabl Sync="TRUE">RPOLY_</attrlabl><attwidth Sync="TRUE">8</attwidth><atoutwid Sync="TRUE">11</atoutwid><attrtype Sync="TRUE">Float</attrtype><atnumdec Sync="TRUE">0</atnumdec></attr><attr><attrlabl Sync="TRUE">OCTDFA_</attrlabl><attwidth Sync="TRUE">8</attwidth><atoutwid Sync="TRUE">11</atoutwid><attrtype Sync="TRUE">Float</attrtype><atnumdec Sync="TRUE">0</atnumdec></attr><attr><attrlabl Sync="TRUE">OCTDFA_ID</attrlabl><attwidth Sync="TRUE">8</attwidth><atoutwid Sync="TRUE">11</atoutwid><attrtype Sync="TRUE">Float</attrtype><atnumdec Sync="TRUE">0</atnumdec></attr><attr><attrlabl Sync="TRUE">LTYPE</attrlabl><attwidth Sync="TRUE">8</attwidth><atoutwid Sync="TRUE">11</atoutwid><attrtype Sync="TRUE">Float</attrtype><atnumdec Sync="TRUE">0</atnumdec></attr><attr><attrlabl Sync="TRUE">LL_</attrlabl><attwidth Sync="TRUE">8</attwidth><atoutwid Sync="TRUE">11</atoutwid><attrtype Sync="TRUE">Float</attrtype><atnumdec Sync="TRUE">0</atnumdec></attr><attr><attrlabl Sync="TRUE">RL_</attrlabl><attwidth Sync="TRUE">8</attwidth><atoutwid Sync="TRUE">11</atoutwid><attrtype Sync="TRUE">Float</attrtype><atnumdec Sync="TRUE">0</atnumdec></attr><attr><attrlabl Sync="TRUE">L_ID</attrlabl><attwidth Sync="TRUE">8</attwidth><atoutwid Sync="TRUE">11</atoutwid><attrtype Sync="TRUE">Float</attrtype><atnumdec Sync="TRUE">0</atnumdec></attr><attr><attrlabl Sync="TRUE">R_ID</attrlabl><attwidth Sync="TRUE">8</attwidth><atoutwid Sync="TRUE">11</atoutwid><attrtype Sync="TRUE">Float</attrtype><atnumdec Sync="TRUE">0</atnumdec></attr></detailed><detailed Name="b454_fp.pat"><enttyp><enttypl Sync="TRUE">b454_fp.pat</enttypl><enttypt Sync="TRUE">Feature Class</enttypt><enttypc Sync="TRUE">1</enttypc></enttyp><attr><attrlabl Sync="TRUE">FID</attrlabl><attalias Sync="TRUE">FID</attalias><attrtype Sync="TRUE">OID</attrtype><attwidth Sync="TRUE">4</attwidth><atprecis Sync="TRUE">0</atprecis><attscale Sync="TRUE">0</attscale><attrdef Sync="TRUE">Internal feature number.</attrdef><attrdefs Sync="TRUE">ESRI</attrdefs><attrdomv><udom Sync="TRUE">Sequential unique whole numbers that are automatically generated.</udom></attrdomv></attr><attr><attrlabl Sync="TRUE">Shape</attrlabl><attalias Sync="TRUE">Shape</attalias><attrtype Sync="TRUE">Geometry</attrtype><attwidth Sync="TRUE">0</attwidth><atprecis Sync="TRUE">0</atprecis><attscale Sync="TRUE">0</attscale><attrdef Sync="TRUE">Feature geometry.</attrdef><attrdefs Sync="TRUE">ESRI</attrdefs><attrdomv><udom Sync="TRUE">Coordinates defining the features.</udom></attrdomv></attr><attr><attrlabl Sync="TRUE">AREA</attrlabl><attwidth Sync="TRUE">8</attwidth><atoutwid Sync="TRUE">18</atoutwid><attrtype Sync="TRUE">Float</attrtype><atnumdec Sync="TRUE">5</atnumdec><attrdef Sync="TRUE">Area of feature in internal units squared.</attrdef><attrdefs Sync="TRUE">ESRI</attrdefs><attrdomv><udom Sync="TRUE">Positive real numbers that are automatically generated.</udom></attrdomv></attr><attr><attrlabl Sync="TRUE">PERIMETER</attrlabl><attwidth Sync="TRUE">8</attwidth><atoutwid Sync="TRUE">18</atoutwid><attrtype Sync="TRUE">Float</attrtype><atnumdec Sync="TRUE">5</atnumdec><attrdef Sync="TRUE">Perimeter of feature in internal units.</attrdef><attrdefs Sync="TRUE">ESRI</attrdefs><attrdomv><udom Sync="TRUE">Positive real numbers that are automatically generated.</udom></attrdomv></attr><attr><attrlabl Sync="TRUE">B454_FP#</attrlabl><attwidth Sync="TRUE">4</attwidth><atoutwid Sync="TRUE">5</atoutwid><attrtype Sync="TRUE">Binary</attrtype><attrdef Sync="TRUE">Internal feature number.</attrdef><attrdefs Sync="TRUE">ESRI</attrdefs><attrdomv><udom Sync="TRUE">Sequential unique whole numbers that are automatically generated.</udom></attrdomv></attr><attr><attrlabl Sync="TRUE">B454_FP-ID</attrlabl><attwidth Sync="TRUE">4</attwidth><atoutwid Sync="TRUE">5</atoutwid><attrtype Sync="TRUE">Binary</attrtype><attrdef Sync="TRUE">User-defined feature number.</attrdef><attrdefs Sync="TRUE">ESRI</attrdefs></attr></detailed></eainfo><mdDateSt Sync="TRUE">20030904</mdDateSt><dataqual><lineage><procstep><procdesc>The area was origially designated in 1979 based upon the theoretical 100 year flood extent. These designated areas were drawn onto maps based on the NTS 1:50000 mapsheets.</procdesc><date Sync="TRUE">20021023</date><time Sync="TRUE">10343300</time></procstep><procstep><procdesc>In 1997 the original DFA maps were adjusted to the extent of the 1997 flood which exceeded the 100 year flood. The new DFA boundaries were drawn in Arcview 3.2 using the Linnet quarter secton grid as the refernece.</procdesc><procsv>Arcview 3.2</procsv></procstep><procstep><proccont><cntinfo><cntperp><cntper>Lindsay Donnelly</cntper><cntorg>Manitoba Conservation</cntorg></cntperp><cntpos>GIS Specialist</cntpos><cntvoice>204.945.5526</cntvoice><cntfax>204.945.2385</cntfax><cntemail>ldonnelly@gov.mb.ca</cntemail></cntinfo></proccont><procdesc>In 2002 the DFA boundary was aligned to the quarter section grid used for the Internet Flood application. This quarter section grid was built using the provincial 1:20000 roads layer. A centerline was generated approximately down the middle of the road allowance. Where the boundary follows a quarter line the boundaries were snapped to the arc. Where applicable the boundary was snapped to some 1:20000 water features.</procdesc><procsv>Arcinfo 8.2.1</procsv><procdate>2002/11/13</procdate></procstep></lineage><posacc><horizpa><horizpar>To the nearest quarter section.</horizpar></horizpa></posacc><attracc><attraccr>none</attraccr></attracc><logic>The layer is topologically clean.</logic><complete>The layer is complete.</complete></dataqual><spref><horizsys><cordsysn><geogcsn Sync="TRUE">GCS_North_American_1983</geogcsn><projcsn Sync="TRUE">NAD_1983_UTM_Zone_14N</projcsn></cordsysn><planar><planci><plance Sync="TRUE">coordinate pair</plance><plandu Sync="TRUE">meters</plandu><coordrep><absres Sync="TRUE">0.000256</absres><ordres Sync="TRUE">0.000256</ordres></coordrep></planci><gridsys><gridsysn Sync="TRUE">Universal Transverse Mercator</gridsysn><utm><utmzone Sync="TRUE">14</utmzone><transmer><sfctrmer Sync="TRUE">0.999600</sfctrmer><longcm Sync="TRUE">-99.000000</longcm><latprjo Sync="TRUE">0.000000</latprjo><feast Sync="TRUE">500000.000000</feast><fnorth Sync="TRUE">0.000000</fnorth></transmer></utm></gridsys></planar><geodetic><horizdn Sync="TRUE">North American Datum of 1983</horizdn><ellips Sync="TRUE">Geodetic Reference System 80</ellips><semiaxis Sync="TRUE">6378137.000000</semiaxis><denflat Sync="TRUE">298.257222</denflat></geodetic></horizsys></spref><refSysInfo><RefSystem><refSysID><identCode Sync="TRUE">NAD_1983_UTM_Zone_14N</identCode></refSysID></RefSystem></refSysInfo></metadata>
